Country,City,City_Population,Sales,Date,Category,Subcategory
Turkey,Istanbul,15636243,148486,2022-12-17,Automotive,Auto Parts
Italy,Rome,4342212,7862,2022-12-17,Electronics,Laptops
Germany,Hamburg,1841179,2590,2022-12-17,Electronics,Wearables
United Kingdom,London,9002488,226233,2022-12-18,Automotive,Cars
Canada,Montreal,4221000,108283,2022-12-20,Automotive,Cars
South Korea,Seoul,9776000,45608,2022-12-20,Consumer Goods,Food & Beverage
Germany,Berlin,3669495,12419,2022-12-21,Consumer Goods,Food & Beverage
United States,Los Angeles,3898747,11194,2022-12-21,Fashion,Footwear
Turkey,Ankara,5663000,41242,2022-12-21,Consumer Goods,Home Decor
India,Delhi,32941000,232399,2022-12-22,Electronics,Wearables
Turkey,Istanbul,15636243,102456,2022-12-26,Electronics,Smartphones
Indonesia,Jakarta,10562088,132802,2022-12-26,Industrial,Raw Materials
Indonesia,Surabaya,2874699,9982,2022-12-26,Fashion,Casual Wear
Canada,Montreal,4221000,8896,2022-12-27,Fashion,Footwear
South Korea,Seoul,9776000,28175,2022-12-30,Consumer Goods,Home Decor
Argentina,Buenos Aires,15490000,80331,2022-12-30,Electronics,Wearables
Turkey,Ankara,5663000,75659,2023-01-01,Industrial,Raw Materials
South Africa,Johannesburg,5782747,64523,2023-01-02,Electronics,Tablets
United Kingdom,London,9002488,199064,2023-01-04,Automotive,Motorcycles
Italy,Milan,3140181,13471,2023-01-05,Electronics,Wearables
United States,New York City,8804190,34406,2023-01-10,Fashion,Luxury Apparel
India,Mumbai,20411274,398034,2023-01-10,Automotive,Cars
Russia,Moscow,12506468,199725,2023-01-11,Automotive,Electric Vehicles
United States,New York City,8804190,106190,2023-01-12,Automotive,Motorcycles
Australia,Melbourne,5078000,91890,2023-01-12,Industrial,Tools
Saudi Arabia,Riyadh,7676654,204048,2023-01-13,Automotive,Electric Vehicles
Germany,Berlin,3669495,16754,2023-01-13,Fashion,Casual Wear
South Africa,Cape Town,4618000,20611,2023-01-13,Consumer Goods,Home Appliances
Saudi Arabia,Riyadh,7676654,32286,2023-01-15,Electronics,Wearables
Canada,Toronto,6202000,39128,2023-01-16,Electronics,Laptops
Russia,Saint Petersburg,5351935,26480,2023-01-20,Fashion,Casual Wear
France,Marseille,1759000,2488,2023-01-20,Fashion,Luxury Apparel
Australia,Sydney,5367000,114087,2023-01-21,Automotive,Electric Vehicles
Canada,Montreal,4221000,52657,2023-01-22,Industrial,Machinery
Japan,Yokohama,3724844,43337,2023-01-22,Industrial,Machinery
Brazil,São Paulo,22429800,131972,2023-01-23,Electronics,Tablets
United Kingdom,London,9002488,23236,2023-01-23,Fashion,Luxury Apparel
Australia,Sydney,5367000,21072,2023-01-25,Fashion,Footwear
South Korea,Busan,3385000,33597,2023-01-26,Industrial,Tools
European Union,Frankfurt,753056,3522,2023-01-26,Consumer Goods,Home Decor
Argentina,Buenos Aires,15490000,229187,2023-01-27,Industrial,Construction
Germany,Hamburg,1841179,40363,2023-01-27,Industrial,Construction
Indonesia,Jakarta,10562088,83535,2023-01-28,Consumer Goods,Food & Beverage
Brazil,Rio de Janeiro,13634274,259232,2023-01-28,Automotive,Motorcycles
France,Marseille,1759000,3948,2023-01-28,Fashion,Footwear
Australia,Melbourne,5078000,8480,2023-01-28,Fashion,Luxury Apparel
Indonesia,Surabaya,2874699,20054,2023-01-29,Electronics,Smartphones
India,Mumbai,20411274,93290,2023-01-29,Industrial,Tools
Saudi Arabia,Riyadh,7676654,109444,2023-01-29,Automotive,Auto Parts
South Africa,Johannesburg,5782747,35493,2023-01-29,Fashion,Casual Wear
Indonesia,Surabaya,2874699,22297,2023-01-30,Automotive,Cars
United Kingdom,London,9002488,108559,2023-01-31,Industrial,Construction
European Union,Brussels,2065284,55562,2023-01-31,Automotive,Auto Parts
Japan,Tokyo,37393129,1429739,2023-02-02,Automotive,Cars
Indonesia,Surabaya,2874699,2944,2023-02-04,Fashion,Casual Wear
United States,New York City,8804190,40895,2023-02-04,Fashion,Casual Wear
European Union,Frankfurt,753056,2480,2023-02-06,Consumer Goods,Home Decor
Mexico,Mexico City,22085140,510527,2023-02-07,Industrial,Raw Materials
Australia,Sydney,5367000,13952,2023-02-08,Electronics,Laptops
Saudi Arabia,Riyadh,7676654,54341,2023-02-08,Electronics,Wearables
Mexico,Mexico City,22085140,88357,2023-02-11,Consumer Goods,Personal Care
Turkey,Ankara,5663000,60973,2023-02-12,Industrial,Construction
Russia,Moscow,12506468,64401,2023-02-13,Electronics,Smartphones
Argentina,Buenos Aires,15490000,68970,2023-02-14,Electronics,Wearables
South Africa,Johannesburg,5782747,36263,2023-02-15,Electronics,Laptops
United Kingdom,Birmingham,2660000,67205,2023-02-17,Automotive,Auto Parts
United States,New York City,8804190,180469,2023-02-17,Automotive,Motorcycles
Canada,Toronto,6202000,19002,2023-02-18,Electronics,Wearables
France,Marseille,1759000,7193,2023-02-19,Fashion,Accessories
India,Delhi,32941000,260604,2023-02-20,Electronics,Wearables
European Union,Brussels,2065284,9404,2023-02-21,Consumer Goods,Food & Beverage
Saudi Arabia,Riyadh,7676654,132544,2023-02-24,Industrial,Machinery
Argentina,Córdoba,1659000,15881,2023-02-24,Industrial,Machinery
China,Shanghai,27796000,709411,2023-02-27,Automotive,Auto Parts
Canada,Toronto,6202000,23042,2023-02-28,Consumer Goods,Home Decor
United Kingdom,London,9002488,44568,2023-03-02,Consumer Goods,Home Appliances
Russia,Moscow,12506468,12740,2023-03-02,Consumer Goods,Food & Beverage
United Kingdom,London,9002488,45089,2023-03-03,Electronics,Tablets
European Union,Frankfurt,753056,3428,2023-03-03,Electronics,Smartphones
Italy,Milan,3140181,13807,2023-03-04,Electronics,Smartphones
Argentina,Buenos Aires,15490000,267183,2023-03-04,Automotive,Motorcycles
Indonesia,Surabaya,2874699,55782,2023-03-06,Industrial,Machinery
South Africa,Johannesburg,5782747,207847,2023-03-07,Automotive,Cars
Argentina,Córdoba,1659000,35018,2023-03-07,Automotive,Electric Vehicles
France,Paris,11142000,15654,2023-03-11,Consumer Goods,Home Appliances
South Korea,Busan,3385000,90085,2023-03-11,Automotive,Cars
India,Mumbai,20411274,362944,2023-03-12,Industrial,Raw Materials
Canada,Montreal,4221000,93811,2023-03-13,Automotive,Motorcycles
European Union,Frankfurt,753056,1000,2023-03-15,Electronics,Tablets
Brazil,São Paulo,22429800,428780,2023-03-15,Industrial,Machinery
China,Beijing,20896000,197320,2023-03-16,Industrial,Raw Materials
Canada,Montreal,4221000,148039,2023-03-17,Automotive,Electric Vehicles
China,Beijing,20896000,96207,2023-03-17,Electronics,Wearables
United States,Los Angeles,3898747,83841,2023-03-17,Industrial,Machinery
Russia,Moscow,12506468,61547,2023-03-18,Consumer Goods,Home Decor
Canada,Montreal,4221000,70501,2023-03-19,Industrial,Raw Materials
European Union,Frankfurt,753056,1344,2023-03-20,Automotive,Electric Vehicles
South Korea,Busan,3385000,8813,2023-03-20,Fashion,Footwear
Turkey,Istanbul,15636243,211340,2023-03-21,Automotive,Electric Vehicles
Saudi Arabia,Jeddah,4697957,92802,2023-03-23,Automotive,Electric Vehicles
Australia,Melbourne,5078000,21509,2023-03-25,Fashion,Footwear
France,Paris,11142000,371435,2023-03-26,Automotive,Electric Vehicles
Mexico,Mexico City,22085140,163254,2023-03-26,Industrial,Construction
Brazil,Rio de Janeiro,13634274,377166,2023-03-29,Automotive,Electric Vehicles
United States,New York City,8804190,223283,2023-03-31,Automotive,Auto Parts
France,Paris,11142000,55580,2023-03-31,Consumer Goods,Home Decor
Australia,Melbourne,5078000,8569,2023-04-03,Automotive,Electric Vehicles
United States,New York City,8804190,12995,2023-04-03,Fashion,Casual Wear
Brazil,São Paulo,22429800,101081,2023-04-05,Electronics,Laptops
Indonesia,Jakarta,10562088,1000,2023-04-06,Consumer Goods,Personal Care
Italy,Milan,3140181,6348,2023-04-06,Fashion,Luxury Apparel
India,Delhi,32941000,115222,2023-04-07,Consumer Goods,Home Decor
Canada,Montreal,4221000,50675,2023-04-08,Automotive,Electric Vehicles
Turkey,Ankara,5663000,7411,2023-04-08,Consumer Goods,Home Appliances
European Union,Brussels,2065284,10358,2023-04-10,Consumer Goods,Personal Care
South Africa,Cape Town,4618000,14529,2023-04-11,Fashion,Footwear
United States,Los Angeles,3898747,12377,2023-04-11,Electronics,Tablets
Mexico,Mexico City,22085140,587291,2023-04-12,Automotive,Auto Parts
Mexico,Mexico City,22085140,481046,2023-04-13,Automotive,Auto Parts
Brazil,São Paulo,22429800,87144,2023-04-14,Consumer Goods,Food & Beverage
France,Paris,11142000,107784,2023-04-14,Automotive,Electric Vehicles
Mexico,Mexico City,22085140,81072,2023-04-16,Consumer Goods,Home Appliances
United Kingdom,Birmingham,2660000,8872,2023-04-16,Electronics,Wearables
China,Beijing,20896000,109524,2023-04-17,Consumer Goods,Personal Care
United States,New York City,8804190,21450,2023-04-17,Fashion,Accessories
Canada,Toronto,6202000,30241,2023-04-19,Electronics,Wearables
Russia,Saint Petersburg,5351935,19069,2023-04-19,Fashion,Casual Wear
Japan,Tokyo,37393129,110156,2023-04-19,Consumer Goods,Home Appliances
Japan,Tokyo,37393129,115809,2023-04-19,Electronics,Laptops
Argentina,Córdoba,1659000,14471,2023-04-19,Electronics,Smartphones
Mexico,Mexico City,22085140,79838,2023-04-20,Fashion,Footwear
Canada,Toronto,6202000,19352,2023-04-20,Consumer Goods,Home Decor
Italy,Milan,3140181,5763,2023-04-22,Consumer Goods,Home Appliances
South Africa,Johannesburg,5782747,44994,2023-04-23,Electronics,Tablets
Russia,Moscow,12506468,165735,2023-04-24,Industrial,Tools
France,Marseille,1759000,6159,2023-04-26,Electronics,Wearables
Indonesia,Surabaya,2874699,7139,2023-04-27,Consumer Goods,Home Appliances
United States,Los Angeles,3898747,88571,2023-05-04,Automotive,Auto Parts
Japan,Tokyo,37393129,220991,2023-05-04,Consumer Goods,Home Decor
European Union,Frankfurt,753056,13781,2023-05-04,Automotive,Motorcycles
Saudi Arabia,Jeddah,4697957,17092,2023-05-06,Consumer Goods,Home Decor
Canada,Montreal,4221000,26779,2023-05-08,Electronics,Tablets
Russia,Moscow,12506468,218378,2023-05-09,Automotive,Auto Parts
Argentina,Córdoba,1659000,6700,2023-05-10,Fashion,Accessories
Mexico,Mexico City,22085140,638190,2023-05-12,Automotive,Cars
Russia,Saint Petersburg,5351935,23017,2023-05-13,Electronics,Tablets
South Korea,Seoul,9776000,107957,2023-05-15,Automotive,Auto Parts
Australia,Sydney,5367000,24385,2023-05-17,Consumer Goods,Home Appliances
European Union,Frankfurt,753056,2548,2023-05-18,Automotive,Auto Parts
Saudi Arabia,Jeddah,4697957,91726,2023-05-18,Automotive,Cars
Italy,Rome,4342212,21498,2023-05-20,Fashion,Footwear
India,Mumbai,20411274,47723,2023-05-21,Consumer Goods,Home Decor
Brazil,São Paulo,22429800,33601,2023-05-21,Electronics,Tablets
Argentina,Córdoba,1659000,34830,2023-05-23,Automotive,Electric Vehicles
Turkey,Istanbul,15636243,473609,2023-05-25,Automotive,Cars
United Kingdom,Birmingham,2660000,10837,2023-05-25,Consumer Goods,Home Decor
Japan,Tokyo,37393129,1353425,2023-05-25,Automotive,Motorcycles
Mexico,Guadalajara,5243392,22537,2023-05-26,Consumer Goods,Food & Beverage
Indonesia,Surabaya,2874699,18782,2023-05-27,Electronics,Wearables
Mexico,Mexico City,22085140,1000,2023-05-27,Fashion,Casual Wear
Turkey,Ankara,5663000,17518,2023-05-27,Fashion,Casual Wear
Mexico,Guadalajara,5243392,22181,2023-05-31,Fashion,Casual Wear
Italy,Rome,4342212,15190,2023-06-01,Fashion,Luxury Apparel
European Union,Frankfurt,753056,3714,2023-06-04,Consumer Goods,Personal Care
Turkey,Istanbul,15636243,67970,2023-06-04,Electronics,Laptops
United States,New York City,8804190,65926,2023-06-04,Electronics,Smartphones
United Kingdom,London,9002488,211094,2023-06-04,Industrial,Raw Materials
South Africa,Johannesburg,5782747,83137,2023-06-05,Automotive,Auto Parts
China,Beijing,20896000,288897,2023-06-05,Automotive,Electric Vehicles
Turkey,Ankara,5663000,18002,2023-06-05,Consumer Goods,Personal Care
France,Marseille,1759000,7139,2023-06-06,Electronics,Tablets
Germany,Berlin,3669495,96027,2023-06-06,Automotive,Electric Vehicles
United States,New York City,8804190,54001,2023-06-06,Electronics,Wearables
Turkey,Ankara,5663000,30393,2023-06-07,Electronics,Tablets
South Korea,Seoul,9776000,38346,2023-06-07,Electronics,Smartphones
Brazil,São Paulo,22429800,77782,2023-06-11,Fashion,Luxury Apparel
Brazil,Rio de Janeiro,13634274,38265,2023-06-14,Electronics,Smartphones
Saudi Arabia,Riyadh,7676654,64893,2023-06-15,Electronics,Laptops
South Korea,Busan,3385000,100589,2023-06-15,Automotive,Electric Vehicles
Mexico,Guadalajara,5243392,8548,2023-06-15,Electronics,Smartphones
South Korea,Busan,3385000,83770,2023-06-15,Automotive,Auto Parts
United Kingdom,Birmingham,2660000,12767,2023-06-15,Consumer Goods,Food & Beverage
Italy,Milan,3140181,12859,2023-06-17,Fashion,Accessories
Saudi Arabia,Riyadh,7676654,39572,2023-06-17,Consumer Goods,Food & Beverage
France,Paris,11142000,25903,2023-06-18,Fashion,Footwear
United Kingdom,London,9002488,131404,2023-06-18,Industrial,Machinery
United Kingdom,London,9002488,171412,2023-06-21,Automotive,Auto Parts
Saudi Arabia,Jeddah,4697957,37376,2023-06-21,Consumer Goods,Home Decor
Canada,Toronto,6202000,66499,2023-06-21,Industrial,Tools
Italy,Rome,4342212,12625,2023-06-22,Fashion,Accessories
Germany,Berlin,3669495,73978,2023-06-22,Automotive,Motorcycles
Germany,Hamburg,1841179,20737,2023-06-23,Automotive,Auto Parts
Canada,Toronto,6202000,22773,2023-06-24,Fashion,Footwear
Brazil,São Paulo,22429800,100705,2023-06-24,Fashion,Luxury Apparel
South Korea,Seoul,9776000,31039,2023-06-25,Electronics,Smartphones
United Kingdom,Birmingham,2660000,29531,2023-06-25,Industrial,Raw Materials
Australia,Sydney,5367000,95381,2023-06-26,Industrial,Machinery
South Africa,Johannesburg,5782747,25716,2023-06-27,Fashion,Accessories
United States,Los Angeles,3898747,7958,2023-06-27,Fashion,Footwear
United States,Los Angeles,3898747,24490,2023-06-27,Consumer Goods,Personal Care
Australia,Melbourne,5078000,15154,2023-06-27,Electronics,Smartphones
Turkey,Istanbul,15636243,63982,2023-06-27,Electronics,Laptops
India,Delhi,32941000,591184,2023-06-28,Industrial,Machinery
Saudi Arabia,Riyadh,7676654,18442,2023-06-28,Consumer Goods,Personal Care
Italy,Rome,4342212,76827,2023-06-29,Automotive,Cars
South Africa,Cape Town,4618000,53626,2023-07-01,Industrial,Tools
Russia,Saint Petersburg,5351935,32688,2023-07-02,Consumer Goods,Home Decor
Germany,Berlin,3669495,10335,2023-07-02,Fashion,Luxury Apparel
Indonesia,Jakarta,10562088,41737,2023-07-02,Consumer Goods,Personal Care
Saudi Arabia,Riyadh,7676654,20161,2023-07-05,Fashion,Footwear
China,Beijing,20896000,688895,2023-07-05,Automotive,Cars
Saudi Arabia,Jeddah,4697957,13434,2023-07-08,Fashion,Accessories
Australia,Melbourne,5078000,26161,2023-07-08,Electronics,Laptops
Canada,Toronto,6202000,8177,2023-07-10,Consumer Goods,Home Decor
South Africa,Cape Town,4618000,79663,2023-07-11,Automotive,Cars
Australia,Melbourne,5078000,22153,2023-07-13,Fashion,Footwear
United Kingdom,Birmingham,2660000,14728,2023-07-14,Consumer Goods,Home Appliances
Italy,Rome,4342212,51383,2023-07-14,Industrial,Construction
Indonesia,Surabaya,2874699,42579,2023-07-15,Automotive,Motorcycles
Saudi Arabia,Riyadh,7676654,63393,2023-07-15,Electronics,Wearables
Indonesia,Jakarta,10562088,54802,2023-07-18,Electronics,Wearables
Saudi Arabia,Riyadh,7676654,10061,2023-07-19,Fashion,Luxury Apparel
China,Beijing,20896000,435321,2023-07-19,Industrial,Machinery
India,Mumbai,20411274,441661,2023-07-20,Industrial,Machinery
United States,New York City,8804190,18107,2023-07-21,Electronics,Wearables
Saudi Arabia,Riyadh,7676654,82750,2023-07-21,Industrial,Machinery
Indonesia,Jakarta,10562088,102451,2023-07-21,Automotive,Cars
Japan,Tokyo,37393129,1016620,2023-07-21,Automotive,Electric Vehicles
Turkey,Ankara,5663000,114782,2023-07-21,Automotive,Auto Parts
Japan,Tokyo,37393129,173668,2023-07-21,Electronics,Laptops
European Union,Brussels,2065284,46028,2023-07-24,Automotive,Cars
Mexico,Guadalajara,5243392,104282,2023-07-24,Automotive,Auto Parts
United Kingdom,Birmingham,2660000,42544,2023-07-24,Industrial,Raw Materials
Brazil,São Paulo,22429800,98033,2023-07-27,Electronics,Tablets
United States,New York City,8804190,21998,2023-07-28,Electronics,Tablets
United States,New York City,8804190,199130,2023-07-29,Industrial,Tools
Mexico,Mexico City,22085140,32600,2023-07-30,Fashion,Footwear
Indonesia,Surabaya,2874699,40116,2023-07-30,Industrial,Raw Materials
India,Mumbai,20411274,64436,2023-07-31,Fashion,Luxury Apparel
Mexico,Guadalajara,5243392,26023,2023-07-31,Electronics,Laptops
Russia,Saint Petersburg,5351935,39617,2023-08-01,Electronics,Smartphones
Indonesia,Surabaya,2874699,6106,2023-08-01,Fashion,Casual Wear
Turkey,Istanbul,15636243,40739,2023-08-02,Fashion,Accessories
Mexico,Guadalajara,5243392,13208,2023-08-02,Fashion,Luxury Apparel
Germany,Hamburg,1841179,9496,2023-08-03,Industrial,Machinery
Brazil,Rio de Janeiro,13634274,1000,2023-08-03,Electronics,Wearables
Saudi Arabia,Jeddah,4697957,85711,2023-08-04,Industrial,Tools
United States,New York City,8804190,249034,2023-08-04,Automotive,Motorcycles
Argentina,Córdoba,1659000,28828,2023-08-04,Automotive,Auto Parts
South Korea,Seoul,9776000,96945,2023-08-05,Industrial,Tools
Argentina,Buenos Aires,15490000,258159,2023-08-06,Industrial,Tools
Indonesia,Surabaya,2874699,12100,2023-08-07,Electronics,Wearables
Mexico,Mexico City,22085140,451077,2023-08-07,Automotive,Motorcycles
India,Mumbai,20411274,96224,2023-08-07,Electronics,Tablets
Indonesia,Surabaya,2874699,15794,2023-08-08,Consumer Goods,Home Appliances
United Kingdom,Birmingham,2660000,10419,2023-08-10,Fashion,Casual Wear
Japan,Yokohama,3724844,17431,2023-08-10,Electronics,Tablets
Indonesia,Jakarta,10562088,197210,2023-08-10,Industrial,Tools
Turkey,Istanbul,15636243,85224,2023-08-12,Consumer Goods,Home Decor
France,Paris,11142000,243396,2023-08-12,Automotive,Cars
Turkey,Istanbul,15636243,126122,2023-08-13,Electronics,Wearables
United States,Los Angeles,3898747,6895,2023-08-14,Fashion,Luxury Apparel
Russia,Saint Petersburg,5351935,29085,2023-08-14,Electronics,Laptops
Turkey,Ankara,5663000,12071,2023-08-15,Fashion,Luxury Apparel
United States,New York City,8804190,24835,2023-08-15,Electronics,Smartphones
Saudi Arabia,Jeddah,4697957,22178,2023-08-16,Consumer Goods,Home Appliances
Japan,Yokohama,3724844,11307,2023-08-18,Fashion,Casual Wear
Germany,Berlin,3669495,67347,2023-08-19,Automotive,Electric Vehicles
Mexico,Mexico City,22085140,151117,2023-08-19,Electronics,Tablets
France,Marseille,1759000,32336,2023-08-19,Automotive,Electric Vehicles
South Korea,Seoul,9776000,148437,2023-08-19,Industrial,Construction
Australia,Sydney,5367000,36046,2023-08-19,Automotive,Electric Vehicles
India,Mumbai,20411274,92021,2023-08-20,Consumer Goods,Home Appliances
Italy,Milan,3140181,45794,2023-08-21,Industrial,Construction
China,Shanghai,27796000,34832,2023-08-22,Electronics,Smartphones
Brazil,São Paulo,22429800,306314,2023-08-23,Automotive,Motorcycles
France,Paris,11142000,34011,2023-08-23,Fashion,Luxury Apparel
France,Marseille,1759000,28327,2023-08-24,Industrial,Raw Materials
European Union,Brussels,2065284,6319,2023-08-24,Fashion,Luxury Apparel
Turkey,Ankara,5663000,17989,2023-08-25,Consumer Goods,Home Appliances
Australia,Melbourne,5078000,7560,2023-08-27,Consumer Goods,Personal Care
Canada,Montreal,4221000,20554,2023-08-27,Consumer Goods,Food & Beverage
Russia,Saint Petersburg,5351935,14034,2023-08-28,Fashion,Casual Wear
Italy,Rome,4342212,107731,2023-08-31,Automotive,Electric Vehicles
United States,New York City,8804190,20739,2023-08-31,Consumer Goods,Food & Beverage
India,Mumbai,20411274,43668,2023-08-31,Fashion,Luxury Apparel
Japan,Yokohama,3724844,98170,2023-09-02,Automotive,Cars
Germany,Hamburg,1841179,30147,2023-09-02,Industrial,Raw Materials
Mexico,Mexico City,22085140,68398,2023-09-04,Fashion,Footwear
China,Beijing,20896000,89545,2023-09-05,Electronics,Laptops
South Korea,Busan,3385000,56402,2023-09-06,Industrial,Raw Materials
South Africa,Cape Town,4618000,14204,2023-09-06,Fashion,Accessories
Germany,Hamburg,1841179,4258,2023-09-06,Fashion,Casual Wear
Germany,Hamburg,1841179,9445,2023-09-06,Consumer Goods,Food & Beverage
Italy,Rome,4342212,28680,2023-09-06,Electronics,Laptops
Canada,Montreal,4221000,11396,2023-09-08,Fashion,Footwear
South Africa,Johannesburg,5782747,9247,2023-09-08,Fashion,Luxury Apparel
South Africa,Johannesburg,5782747,30961,2023-09-08,Electronics,Laptops
China,Shanghai,27796000,132567,2023-09-08,Consumer Goods,Home Appliances
China,Beijing,20896000,135905,2023-09-09,Electronics,Wearables
Russia,Saint Petersburg,5351935,12928,2023-09-09,Consumer Goods,Home Appliances
Indonesia,Surabaya,2874699,43955,2023-09-09,Industrial,Machinery
Japan,Tokyo,37393129,300991,2023-09-10,Automotive,Electric Vehicles
European Union,Frankfurt,753056,3175,2023-09-11,Consumer Goods,Home Decor
South Korea,Seoul,9776000,205042,2023-09-11,Automotive,Cars
China,Beijing,20896000,35974,2023-09-13,Fashion,Accessories
Indonesia,Surabaya,2874699,4968,2023-09-13,Fashion,Accessories
Germany,Hamburg,1841179,11096,2023-09-17,Electronics,Tablets
France,Marseille,1759000,39601,2023-09-18,Automotive,Electric Vehicles
Italy,Rome,4342212,14307,2023-09-22,Consumer Goods,Food & Beverage
Indonesia,Jakarta,10562088,32960,2023-09-22,Fashion,Luxury Apparel
Germany,Berlin,3669495,65727,2023-09-23,Automotive,Cars
Japan,Tokyo,37393129,160856,2023-09-24,Fashion,Luxury Apparel
Brazil,São Paulo,22429800,216268,2023-09-24,Electronics,Wearables
Brazil,Rio de Janeiro,13634274,202685,2023-09-25,Industrial,Raw Materials
Saudi Arabia,Riyadh,7676654,192104,2023-09-26,Automotive,Motorcycles
Argentina,Córdoba,1659000,34136,2023-09-28,Automotive,Cars
United Kingdom,London,9002488,128082,2023-09-29,Automotive,Electric Vehicles
European Union,Frankfurt,753056,3491,2023-09-30,Consumer Goods,Personal Care
Australia,Sydney,5367000,28420,2023-09-30,Consumer Goods,Food & Beverage
South Africa,Cape Town,4618000,105799,2023-09-30,Industrial,Raw Materials
Germany,Hamburg,1841179,12110,2023-10-01,Electronics,Laptops
Argentina,Buenos Aires,15490000,107193,2023-10-01,Industrial,Tools
European Union,Frankfurt,753056,20122,2023-10-02,Automotive,Electric Vehicles
Japan,Tokyo,37393129,161838,2023-10-06,Consumer Goods,Food & Beverage
Japan,Yokohama,3724844,23618,2023-10-06,Electronics,Laptops
Canada,Toronto,6202000,9663,2023-10-08,Fashion,Accessories
India,Mumbai,20411274,253972,2023-10-08,Industrial,Machinery
China,Beijing,20896000,386807,2023-10-12,Industrial,Machinery
European Union,Frankfurt,753056,16245,2023-10-13,Industrial,Construction
Russia,Saint Petersburg,5351935,62099,2023-10-14,Industrial,Construction
Indonesia,Jakarta,10562088,87589,2023-10-14,Electronics,Laptops
China,Beijing,20896000,101024,2023-10-15,Electronics,Smartphones
Russia,Moscow,12506468,107266,2023-10-20,Industrial,Tools
Turkey,Istanbul,15636243,206720,2023-10-20,Automotive,Electric Vehicles
Brazil,São Paulo,22429800,81891,2023-10-20,Consumer Goods,Personal Care
China,Beijing,20896000,77177,2023-10-21,Electronics,Laptops
United States,Los Angeles,3898747,91127,2023-10-21,Automotive,Electric Vehicles
Brazil,São Paulo,22429800,40529,2023-10-21,Fashion,Luxury Apparel
Indonesia,Jakarta,10562088,74935,2023-10-21,Electronics,Tablets
Indonesia,Jakarta,10562088,232212,2023-10-22,Industrial,Machinery
China,Shanghai,27796000,111121,2023-10-24,Electronics,Smartphones
Turkey,Ankara,5663000,96515,2023-10-26,Automotive,Electric Vehicles
China,Shanghai,27796000,149548,2023-10-30,Fashion,Accessories
Turkey,Ankara,5663000,19632,2023-10-30,Consumer Goods,Personal Care
European Union,Brussels,2065284,48319,2023-10-31,Automotive,Motorcycles
European Union,Frankfurt,753056,4920,2023-11-02,Electronics,Smartphones
Turkey,Istanbul,15636243,371306,2023-11-06,Automotive,Electric Vehicles
Mexico,Mexico City,22085140,36900,2023-11-07,Fashion,Footwear
South Korea,Seoul,9776000,48557,2023-11-07,Fashion,Accessories
Japan,Yokohama,3724844,82211,2023-11-09,Industrial,Raw Materials
Italy,Milan,3140181,10989,2023-11-11,Fashion,Casual Wear
European Union,Brussels,2065284,3331,2023-11-13,Consumer Goods,Personal Care
Turkey,Ankara,5663000,180305,2023-11-14,Automotive,Motorcycles
Russia,Moscow,12506468,290722,2023-11-16,Automotive,Motorcycles
Saudi Arabia,Jeddah,4697957,30426,2023-11-16,Industrial,Tools
Australia,Sydney,5367000,24258,2023-11-17,Consumer Goods,Food & Beverage
Russia,Saint Petersburg,5351935,125044,2023-11-17,Industrial,Raw Materials
Australia,Melbourne,5078000,113451,2023-11-18,Industrial,Raw Materials
South Korea,Seoul,9776000,192245,2023-11-21,Automotive,Motorcycles
Turkey,Ankara,5663000,12871,2023-11-21,Fashion,Casual Wear
European Union,Frankfurt,753056,10235,2023-11-22,Automotive,Auto Parts
United Kingdom,Birmingham,2660000,3547,2023-11-22,Electronics,Tablets
Germany,Berlin,3669495,13773,2023-11-22,Fashion,Accessories
United States,New York City,8804190,36810,2023-11-23,Industrial,Raw Materials
China,Shanghai,27796000,94449,2023-11-26,Fashion,Luxury Apparel
South Africa,Johannesburg,5782747,26263,2023-11-26,Consumer Goods,Home Appliances
Russia,Saint Petersburg,5351935,78074,2023-11-29,Automotive,Cars
European Union,Brussels,2065284,6035,2023-12-01,Fashion,Casual Wear
Indonesia,Jakarta,10562088,51472,2023-12-02,Consumer Goods,Personal Care
Turkey,Istanbul,15636243,36464,2023-12-02,Consumer Goods,Food & Beverage
Turkey,Istanbul,15636243,237607,2023-12-03,Automotive,Auto Parts
France,Paris,11142000,63037,2023-12-04,Consumer Goods,Home Decor
South Africa,Johannesburg,5782747,15038,2023-12-04,Fashion,Luxury Apparel
Germany,Hamburg,1841179,37598,2023-12-05,Industrial,Tools
India,Mumbai,20411274,164471,2023-12-06,Electronics,Laptops
China,Shanghai,27796000,442952,2023-12-06,Industrial,Construction
Italy,Rome,4342212,25215,2023-12-07,Electronics,Wearables
Germany,Hamburg,1841179,32587,2023-12-07,Automotive,Cars
Japan,Tokyo,37393129,104947,2023-12-09,Fashion,Footwear
China,Shanghai,27796000,81078,2023-12-12,Fashion,Luxury Apparel
South Korea,Busan,3385000,24437,2023-12-12,Automotive,Motorcycles
Argentina,Buenos Aires,15490000,42051,2023-12-14,Consumer Goods,Personal Care
Turkey,Istanbul,15636243,255143,2023-12-16,Industrial,Tools
Italy,Milan,3140181,19976,2023-12-16,Electronics,Wearables
Italy,Milan,3140181,16147,2023-12-19,Consumer Goods,Personal Care
Turkey,Istanbul,15636243,41082,2023-12-23,Electronics,Laptops
Australia,Sydney,5367000,21796,2023-12-24,Electronics,Smartphones
China,Shanghai,27796000,414238,2023-12-25,Industrial,Machinery
France,Marseille,1759000,11150,2023-12-26,Electronics,Wearables
Canada,Toronto,6202000,166267,2023-12-27,Automotive,Electric Vehicles
United Kingdom,London,9002488,20587,2023-12-28,Electronics,Wearables
Canada,Montreal,4221000,10155,2023-12-28,Fashion,Accessories
United States,Los Angeles,3898747,19183,2023-12-29,Consumer Goods,Personal Care
Brazil,São Paulo,22429800,108862,2023-12-29,Consumer Goods,Personal Care
India,Delhi,32941000,104188,2023-12-31,Fashion,Luxury Apparel
United Kingdom,London,9002488,136773,2023-12-31,Industrial,Raw Materials
Turkey,Ankara,5663000,69619,2024-01-01,Industrial,Machinery
France,Paris,11142000,36157,2024-01-03,Consumer Goods,Home Appliances
China,Shanghai,27796000,112053,2024-01-03,Electronics,Wearables
South Africa,Johannesburg,5782747,17436,2024-01-05,Fashion,Footwear
Argentina,Buenos Aires,15490000,53719,2024-01-06,Fashion,Luxury Apparel
United Kingdom,London,9002488,32774,2024-01-07,Fashion,Casual Wear
European Union,Frankfurt,753056,4846,2024-01-08,Electronics,Wearables
Italy,Milan,3140181,11667,2024-01-08,Fashion,Luxury Apparel
Canada,Toronto,6202000,23300,2024-01-11,Electronics,Smartphones
Turkey,Istanbul,15636243,11495,2024-01-12,Consumer Goods,Food & Beverage
European Union,Brussels,2065284,12275,2024-01-13,Electronics,Smartphones
Japan,Yokohama,3724844,39103,2024-01-14,Industrial,Construction
China,Shanghai,27796000,737987,2024-01-14,Automotive,Motorcycles
United Kingdom,Birmingham,2660000,7454,2024-01-14,Fashion,Casual Wear
United Kingdom,Birmingham,2660000,6810,2024-01-14,Fashion,Accessories
European Union,Brussels,2065284,5693,2024-01-15,Consumer Goods,Food & Beverage
Italy,Milan,3140181,18040,2024-01-15,Consumer Goods,Home Appliances
United Kingdom,Birmingham,2660000,82196,2024-01-16,Automotive,Electric Vehicles
Japan,Tokyo,37393129,122535,2024-01-17,Consumer Goods,Personal Care
European Union,Frankfurt,753056,9697,2024-01-17,Automotive,Auto Parts
European Union,Brussels,2065284,5866,2024-01-18,Fashion,Accessories
France,Marseille,1759000,14587,2024-01-19,Electronics,Smartphones
Japan,Tokyo,37393129,83697,2024-01-19,Fashion,Casual Wear
Mexico,Mexico City,22085140,31577,2024-01-21,Fashion,Luxury Apparel
Italy,Rome,4342212,17420,2024-01-21,Fashion,Casual Wear
European Union,Brussels,2065284,15803,2024-01-25,Consumer Goods,Home Appliances
Japan,Yokohama,3724844,85713,2024-01-25,Industrial,Raw Materials
Turkey,Istanbul,15636243,105655,2024-01-26,Automotive,Motorcycles
United States,New York City,8804190,20645,2024-01-27,Consumer Goods,Home Appliances
Indonesia,Surabaya,2874699,53580,2024-01-28,Industrial,Machinery
United Kingdom,London,9002488,28627,2024-01-28,Fashion,Accessories
Japan,Tokyo,37393129,219671,2024-01-30,Electronics,Smartphones
United Kingdom,London,9002488,113657,2024-01-31,Industrial,Machinery
Brazil,Rio de Janeiro,13634274,79455,2024-01-31,Electronics,Laptops
Mexico,Guadalajara,5243392,37631,2024-02-01,Consumer Goods,Home Decor
India,Mumbai,20411274,501701,2024-02-02,Automotive,Auto Parts
Australia,Melbourne,5078000,56826,2024-02-03,Industrial,Raw Materials
Argentina,Córdoba,1659000,34396,2024-02-03,Automotive,Auto Parts
India,Mumbai,20411274,425328,2024-02-04,Automotive,Motorcycles
Argentina,Buenos Aires,15490000,94849,2024-02-07,Consumer Goods,Home Appliances
United States,Los Angeles,3898747,106661,2024-02-07,Automotive,Auto Parts
Mexico,Guadalajara,5243392,83692,2024-02-07,Industrial,Tools
Canada,Toronto,6202000,72226,2024-02-09,Industrial,Machinery
South Africa,Cape Town,4618000,142506,2024-02-12,Automotive,Cars
South Africa,Cape Town,4618000,27295,2024-02-12,Consumer Goods,Food & Beverage
Turkey,Istanbul,15636243,31321,2024-02-13,Fashion,Luxury Apparel
South Korea,Seoul,9776000,107359,2024-02-14,Automotive,Motorcycles
China,Shanghai,27796000,202957,2024-02-15,Industrial,Machinery
United Kingdom,London,9002488,28080,2024-02-17,Fashion,Footwear
India,Mumbai,20411274,54263,2024-02-18,Consumer Goods,Home Appliances
Italy,Rome,4342212,8367,2024-02-19,Electronics,Smartphones
Turkey,Istanbul,15636243,191920,2024-02-20,Industrial,Tools
South Africa,Johannesburg,5782747,86268,2024-02-21,Automotive,Electric Vehicles
Mexico,Mexico City,22085140,262199,2024-02-22,Industrial,Construction
European Union,Brussels,2065284,8273,2024-02-26,Consumer Goods,Personal Care
Canada,Toronto,6202000,13440,2024-02-27,Consumer Goods,Home Decor
Japan,Yokohama,3724844,7946,2024-03-02,Fashion,Luxury Apparel
Saudi Arabia,Jeddah,4697957,30487,2024-03-02,Industrial,Construction
Brazil,Rio de Janeiro,13634274,135044,2024-03-03,Electronics,Smartphones
Turkey,Istanbul,15636243,242083,2024-03-04,Industrial,Machinery
Mexico,Mexico City,22085140,519761,2024-03-05,Automotive,Auto Parts
Japan,Tokyo,37393129,708663,2024-03-06,Automotive,Motorcycles
European Union,Brussels,2065284,27363,2024-03-06,Automotive,Auto Parts
European Union,Brussels,2065284,51351,2024-03-06,Industrial,Tools
United States,Los Angeles,3898747,17063,2024-03-08,Consumer Goods,Home Appliances
Argentina,Córdoba,1659000,8325,2024-03-08,Fashion,Footwear
Saudi Arabia,Riyadh,7676654,37317,2024-03-09,Consumer Goods,Home Decor
Germany,Berlin,3669495,108465,2024-03-10,Automotive,Electric Vehicles
Italy,Rome,4342212,51566,2024-03-10,Industrial,Tools
China,Beijing,20896000,61963,2024-03-11,Fashion,Luxury Apparel
South Korea,Seoul,9776000,331128,2024-03-12,Automotive,Auto Parts
Saudi Arabia,Jeddah,4697957,13042,2024-03-12,Fashion,Footwear
South Korea,Seoul,9776000,62368,2024-03-13,Industrial,Machinery
Indonesia,Surabaya,2874699,10729,2024-03-14,Fashion,Footwear
Italy,Rome,4342212,91877,2024-03-15,Automotive,Cars
Argentina,Córdoba,1659000,13803,2024-03-16,Industrial,Raw Materials
South Korea,Busan,3385000,7935,2024-03-16,Fashion,Casual Wear
Russia,Saint Petersburg,5351935,12038,2024-03-16,Fashion,Casual Wear
Canada,Toronto,6202000,22615,2024-03-18,Electronics,Laptops
South Korea,Seoul,9776000,32297,2024-03-19,Consumer Goods,Personal Care
Russia,Moscow,12506468,52392,2024-03-20,Electronics,Tablets
Saudi Arabia,Jeddah,4697957,18113,2024-03-21,Electronics,Smartphones
Saudi Arabia,Jeddah,4697957,82032,2024-03-23,Automotive,Cars
France,Paris,11142000,29551,2024-03-24,Electronics,Wearables
Argentina,Córdoba,1659000,13248,2024-03-25,Electronics,Tablets
United States,New York City,8804190,32994,2024-03-25,Consumer Goods,Home Appliances
Indonesia,Surabaya,2874699,2633,2024-03-26,Fashion,Accessories
Saudi Arabia,Riyadh,7676654,40616,2024-03-26,Electronics,Smartphones
United States,Los Angeles,3898747,17387,2024-03-26,Consumer Goods,Food & Beverage
United States,Los Angeles,3898747,62222,2024-03-27,Automotive,Motorcycles
Australia,Sydney,5367000,27159,2024-03-29,Electronics,Laptops
South Korea,Seoul,9776000,29679,2024-03-29,Fashion,Luxury Apparel
Indonesia,Jakarta,10562088,240746,2024-03-31,Automotive,Motorcycles
Germany,Berlin,3669495,5869,2024-04-01,Consumer Goods,Home Decor
Mexico,Mexico City,22085140,113502,2024-04-01,Electronics,Smartphones
Argentina,Córdoba,1659000,5495,2024-04-02,Consumer Goods,Home Appliances
European Union,Brussels,2065284,35178,2024-04-03,Industrial,Construction
United Kingdom,Birmingham,2660000,33151,2024-04-04,Industrial,Machinery
Germany,Hamburg,1841179,8124,2024-04-05,Consumer Goods,Personal Care
Russia,Saint Petersburg,5351935,34934,2024-04-05,Automotive,Electric Vehicles
Japan,Tokyo,37393129,97480,2024-04-07,Fashion,Footwear
Canada,Montreal,4221000,17342,2024-04-11,Consumer Goods,Home Appliances
Germany,Hamburg,1841179,18207,2024-04-11,Automotive,Electric Vehicles
United Kingdom,London,9002488,305383,2024-04-11,Automotive,Motorcycles
European Union,Frankfurt,753056,1412,2024-04-12,Fashion,Accessories
Italy,Rome,4342212,18273,2024-04-14,Industrial,Tools
United States,Los Angeles,3898747,80365,2024-04-14,Automotive,Auto Parts
Germany,Berlin,3669495,10702,2024-04-15,Fashion,Casual Wear
South Africa,Johannesburg,5782747,29102,2024-04-16,Consumer Goods,Home Appliances
Indonesia,Surabaya,2874699,72656,2024-04-16,Industrial,Raw Materials
Russia,Moscow,12506468,49344,2024-04-17,Consumer Goods,Home Appliances
Indonesia,Surabaya,2874699,38473,2024-04-18,Industrial,Construction
France,Marseille,1759000,10200,2024-04-19,Fashion,Casual Wear
Argentina,Buenos Aires,15490000,275408,2024-04-20,Industrial,Construction
Brazil,Rio de Janeiro,13634274,44344,2024-04-22,Electronics,Laptops
India,Delhi,32941000,127275,2024-04-22,Electronics,Tablets
Germany,Berlin,3669495,11628,2024-04-23,Fashion,Accessories
Australia,Melbourne,5078000,19352,2024-04-24,Fashion,Footwear
Indonesia,Jakarta,10562088,176574,2024-04-24,Automotive,Electric Vehicles
Turkey,Ankara,5663000,25954,2024-04-24,Electronics,Smartphones
Canada,Toronto,6202000,155006,2024-04-25,Automotive,Cars
Russia,Saint Petersburg,5351935,11561,2024-04-26,Fashion,Accessories
Italy,Rome,4342212,96969,2024-04-28,Automotive,Motorcycles
Saudi Arabia,Riyadh,7676654,42491,2024-04-28,Consumer Goods,Personal Care
Argentina,Córdoba,1659000,22291,2024-05-01,Automotive,Motorcycles
United Kingdom,Birmingham,2660000,6897,2024-05-01,Fashion,Footwear
Indonesia,Surabaya,2874699,74930,2024-05-01,Automotive,Motorcycles
Argentina,Córdoba,1659000,1881,2024-05-02,Fashion,Casual Wear
France,Paris,11142000,335762,2024-05-03,Automotive,Motorcycles
European Union,Brussels,2065284,3284,2024-05-03,Consumer Goods,Personal Care
Mexico,Guadalajara,5243392,22843,2024-05-04,Fashion,Casual Wear
United States,New York City,8804190,23421,2024-05-04,Electronics,Tablets
Australia,Sydney,5367000,73171,2024-05-06,Industrial,Construction
South Korea,Busan,3385000,60266,2024-05-07,Industrial,Raw Materials
Turkey,Ankara,5663000,32995,2024-05-08,Consumer Goods,Home Appliances
South Africa,Cape Town,4618000,13005,2024-05-09,Fashion,Accessories
United Kingdom,Birmingham,2660000,9830,2024-05-09,Fashion,Luxury Apparel
Mexico,Guadalajara,5243392,16802,2024-05-09,Fashion,Footwear
Canada,Montreal,4221000,20388,2024-05-09,Consumer Goods,Home Decor
India,Mumbai,20411274,59272,2024-05-10,Consumer Goods,Personal Care
United States,New York City,8804190,212499,2024-05-12,Automotive,Motorcycles
Indonesia,Jakarta,10562088,16454,2024-05-12,Consumer Goods,Food & Beverage
Australia,Melbourne,5078000,9722,2024-05-13,Consumer Goods,Personal Care
Saudi Arabia,Riyadh,7676654,10930,2024-05-17,Consumer Goods,Personal Care
Brazil,Rio de Janeiro,13634274,53401,2024-05-17,Fashion,Footwear
Japan,Yokohama,3724844,34897,2024-05-17,Industrial,Construction
European Union,Frankfurt,753056,2148,2024-05-18,Consumer Goods,Food & Beverage
Turkey,Ankara,5663000,51549,2024-05-19,Industrial,Machinery
India,Mumbai,20411274,395752,2024-05-20,Automotive,Cars
South Korea,Seoul,9776000,217700,2024-05-22,Industrial,Tools
France,Marseille,1759000,9576,2024-05-22,Consumer Goods,Home Appliances
United Kingdom,Birmingham,2660000,12344,2024-05-23,Consumer Goods,Food & Beverage
South Korea,Busan,3385000,120697,2024-05-26,Automotive,Electric Vehicles
Saudi Arabia,Riyadh,7676654,39059,2024-05-27,Fashion,Luxury Apparel
Italy,Milan,3140181,14161,2024-05-28,Fashion,Footwear
South Africa,Johannesburg,5782747,52651,2024-05-29,Industrial,Tools
Russia,Saint Petersburg,5351935,18838,2024-05-29,Fashion,Footwear
Italy,Milan,3140181,3831,2024-05-31,Electronics,Tablets
South Korea,Seoul,9776000,226093,2024-05-31,Industrial,Tools
Saudi Arabia,Jeddah,4697957,14835,2024-06-02,Consumer Goods,Home Appliances
South Korea,Busan,3385000,28244,2024-06-03,Industrial,Raw Materials
Australia,Melbourne,5078000,93173,2024-06-04,Industrial,Construction
European Union,Brussels,2065284,10077,2024-06-06,Electronics,Wearables
United States,New York City,8804190,236949,2024-06-07,Automotive,Motorcycles
Indonesia,Jakarta,10562088,44300,2024-06-08,Consumer Goods,Food & Beverage
Argentina,Córdoba,1659000,5738,2024-06-10,Consumer Goods,Home Appliances
Brazil,São Paulo,22429800,151906,2024-06-11,Consumer Goods,Home Appliances
France,Paris,11142000,195390,2024-06-11,Automotive,Electric Vehicles
Australia,Sydney,5367000,27121,2024-06-12,Electronics,Tablets
European Union,Frankfurt,753056,13673,2024-06-13,Automotive,Auto Parts
South Africa,Cape Town,4618000,21329,2024-06-14,Consumer Goods,Home Appliances
France,Paris,11142000,42500,2024-06-14,Consumer Goods,Food & Beverage
Brazil,São Paulo,22429800,432586,2024-06-18,Automotive,Cars
Indonesia,Jakarta,10562088,70813,2024-06-20,Electronics,Wearables
France,Paris,11142000,49989,2024-06-20,Consumer Goods,Personal Care
Russia,Saint Petersburg,5351935,25223,2024-06-20,Consumer Goods,Food & Beverage
Australia,Sydney,5367000,68948,2024-06-21,Industrial,Raw Materials
South Korea,Seoul,9776000,366780,2024-06-21,Automotive,Electric Vehicles
China,Beijing,20896000,186329,2024-06-21,Industrial,Machinery
Italy,Milan,3140181,57830,2024-06-22,Industrial,Raw Materials
India,Delhi,32941000,523795,2024-06-30,Automotive,Cars
Mexico,Guadalajara,5243392,24210,2024-06-30,Consumer Goods,Home Appliances
China,Beijing,20896000,52713,2024-07-02,Fashion,Luxury Apparel
Indonesia,Surabaya,2874699,50908,2024-07-03,Automotive,Electric Vehicles
Russia,Saint Petersburg,5351935,22964,2024-07-04,Fashion,Accessories
South Africa,Johannesburg,5782747,15320,2024-07-04,Fashion,Footwear
Brazil,São Paulo,22429800,203431,2024-07-05,Industrial,Machinery
Italy,Rome,4342212,11446,2024-07-05,Fashion,Luxury Apparel
Mexico,Guadalajara,5243392,30845,2024-07-05,Electronics,Wearables
Brazil,São Paulo,22429800,42805,2024-07-05,Fashion,Casual Wear
Indonesia,Jakarta,10562088,50523,2024-07-06,Automotive,Electric Vehicles
South Africa,Johannesburg,5782747,51697,2024-07-07,Industrial,Machinery
China,Beijing,20896000,93085,2024-07-07,Consumer Goods,Home Appliances
France,Paris,11142000,185871,2024-07-08,Industrial,Tools
Saudi Arabia,Jeddah,4697957,110949,2024-07-11,Automotive,Cars
Saudi Arabia,Riyadh,7676654,42215,2024-07-11,Electronics,Laptops
European Union,Frankfurt,753056,15580,2024-07-13,Industrial,Machinery
European Union,Brussels,2065284,29168,2024-07-14,Industrial,Machinery
Saudi Arabia,Jeddah,4697957,14814,2024-07-14,Electronics,Wearables
China,Beijing,20896000,62936,2024-07-15,Consumer Goods,Food & Beverage
Turkey,Istanbul,15636243,57582,2024-07-16,Fashion,Casual Wear
Argentina,Córdoba,1659000,7516,2024-07-16,Consumer Goods,Food & Beverage
Italy,Milan,3140181,17300,2024-07-17,Consumer Goods,Food & Beverage
Brazil,São Paulo,22429800,406574,2024-07-18,Industrial,Construction
Australia,Sydney,5367000,146683,2024-07-18,Automotive,Auto Parts
Canada,Toronto,6202000,14313,2024-07-19,Fashion,Casual Wear
India,Delhi,32941000,64100,2024-07-21,Electronics,Tablets
Russia,Saint Petersburg,5351935,106124,2024-07-21,Automotive,Electric Vehicles
Japan,Yokohama,3724844,30503,2024-07-22,Industrial,Tools
Germany,Berlin,3669495,27580,2024-07-23,Automotive,Auto Parts
Mexico,Guadalajara,5243392,25949,2024-07-24,Electronics,Wearables
Turkey,Istanbul,15636243,98154,2024-07-25,Electronics,Laptops
Argentina,Córdoba,1659000,6776,2024-07-25,Electronics,Tablets
Brazil,Rio de Janeiro,13634274,62940,2024-07-26,Consumer Goods,Home Appliances
Italy,Milan,3140181,14495,2024-07-26,Consumer Goods,Personal Care
United Kingdom,London,9002488,72360,2024-07-26,Electronics,Wearables
France,Marseille,1759000,7004,2024-07-27,Consumer Goods,Personal Care
Mexico,Mexico City,22085140,138491,2024-07-27,Electronics,Smartphones
Argentina,Córdoba,1659000,21490,2024-07-28,Industrial,Construction
Mexico,Guadalajara,5243392,19197,2024-07-28,Electronics,Tablets
United States,New York City,8804190,36138,2024-07-29,Consumer Goods,Food & Beverage
United Kingdom,London,9002488,116536,2024-07-30,Automotive,Auto Parts
Mexico,Mexico City,22085140,27892,2024-07-30,Consumer Goods,Food & Beverage
Russia,Moscow,12506468,77933,2024-08-01,Electronics,Smartphones
Australia,Melbourne,5078000,12333,2024-08-04,Fashion,Casual Wear
Italy,Milan,3140181,17990,2024-08-06,Electronics,Tablets
Indonesia,Jakarta,10562088,27118,2024-08-06,Fashion,Casual Wear
Indonesia,Surabaya,2874699,25958,2024-08-07,Industrial,Raw Materials
Italy,Milan,3140181,10172,2024-08-08,Consumer Goods,Food & Beverage
United States,New York City,8804190,229144,2024-08-09,Automotive,Motorcycles
United Kingdom,London,9002488,158415,2024-08-09,Industrial,Machinery
Australia,Sydney,5367000,18471,2024-08-09,Consumer Goods,Food & Beverage
European Union,Frankfurt,753056,18852,2024-08-12,Automotive,Electric Vehicles
United Kingdom,Birmingham,2660000,43645,2024-08-13,Automotive,Cars
Japan,Yokohama,3724844,13492,2024-08-13,Fashion,Accessories
Brazil,São Paulo,22429800,188236,2024-08-14,Automotive,Cars
Canada,Toronto,6202000,25396,2024-08-14,Electronics,Smartphones
Australia,Sydney,5367000,85344,2024-08-15,Automotive,Electric Vehicles
Japan,Tokyo,37393129,171240,2024-08-17,Fashion,Accessories
South Africa,Cape Town,4618000,10589,2024-08-18,Fashion,Accessories
European Union,Frankfurt,753056,13958,2024-08-20,Industrial,Tools
France,Paris,11142000,19338,2024-08-20,Fashion,Accessories
Argentina,Córdoba,1659000,54190,2024-08-20,Automotive,Motorcycles
Australia,Melbourne,5078000,38428,2024-08-21,Electronics,Smartphones
France,Marseille,1759000,13734,2024-08-23,Industrial,Construction
South Africa,Johannesburg,5782747,18582,2024-08-24,Industrial,Tools
Brazil,São Paulo,22429800,94025,2024-08-24,Fashion,Casual Wear
South Korea,Seoul,9776000,31590,2024-08-25,Consumer Goods,Home Decor
South Africa,Cape Town,4618000,32473,2024-08-27,Automotive,Auto Parts
Brazil,Rio de Janeiro,13634274,48179,2024-08-29,Fashion,Casual Wear
United Kingdom,London,9002488,207992,2024-08-29,Industrial,Raw Materials
Australia,Sydney,5367000,24983,2024-08-30,Fashion,Accessories
Argentina,Córdoba,1659000,5060,2024-09-01,Consumer Goods,Personal Care
United States,Los Angeles,3898747,11755,2024-09-03,Consumer Goods,Food & Beverage
South Africa,Johannesburg,5782747,22957,2024-09-03,Consumer Goods,Food & Beverage
Russia,Saint Petersburg,5351935,19225,2024-09-04,Fashion,Accessories
Indonesia,Surabaya,2874699,21651,2024-09-05,Electronics,Wearables
Canada,Montreal,4221000,12881,2024-09-06,Fashion,Footwear
Italy,Rome,4342212,17476,2024-09-08,Electronics,Laptops
India,Delhi,32941000,143512,2024-09-09,Fashion,Footwear
China,Beijing,20896000,485800,2024-09-10,Automotive,Electric Vehicles
Australia,Sydney,5367000,12943,2024-09-12,Automotive,Electric Vehicles
Brazil,Rio de Janeiro,13634274,69047,2024-09-12,Consumer Goods,Personal Care
France,Marseille,1759000,3963,2024-09-14,Fashion,Accessories
Japan,Tokyo,37393129,178475,2024-09-14,Consumer Goods,Home Appliances
Argentina,Buenos Aires,15490000,204851,2024-09-14,Automotive,Auto Parts
Saudi Arabia,Jeddah,4697957,102740,2024-09-16,Industrial,Tools
South Africa,Johannesburg,5782747,149972,2024-09-16,Automotive,Auto Parts
Italy,Milan,3140181,12219,2024-09-17,Electronics,Laptops
Italy,Milan,3140181,20888,2024-09-17,Electronics,Tablets
Mexico,Guadalajara,5243392,33131,2024-09-18,Consumer Goods,Home Decor
Germany,Hamburg,1841179,8259,2024-09-19,Consumer Goods,Personal Care
Indonesia,Jakarta,10562088,40188,2024-09-22,Fashion,Casual Wear
Japan,Tokyo,37393129,534974,2024-09-23,Industrial,Construction
Japan,Tokyo,37393129,351658,2024-09-23,Electronics,Laptops
Brazil,Rio de Janeiro,13634274,52861,2024-09-24,Fashion,Luxury Apparel
Canada,Toronto,6202000,27815,2024-09-25,Consumer Goods,Personal Care
Canada,Montreal,4221000,15800,2024-09-26,Consumer Goods,Personal Care
Australia,Sydney,5367000,137931,2024-09-27,Automotive,Motorcycles
South Korea,Seoul,9776000,111523,2024-09-28,Industrial,Construction
Indonesia,Jakarta,10562088,29046,2024-09-29,Fashion,Casual Wear
India,Delhi,32941000,76283,2024-09-29,Fashion,Footwear
United Kingdom,London,9002488,141861,2024-09-29,Automotive,Motorcycles
Italy,Rome,4342212,10924,2024-10-01,Fashion,Footwear
France,Paris,11142000,52844,2024-10-04,Consumer Goods,Food & Beverage
Mexico,Mexico City,22085140,92665,2024-10-04,Electronics,Wearables
Mexico,Guadalajara,5243392,170150,2024-10-06,Automotive,Electric Vehicles
Japan,Tokyo,37393129,807391,2024-10-06,Automotive,Motorcycles
Saudi Arabia,Riyadh,7676654,24377,2024-10-06,Electronics,Laptops
Italy,Rome,4342212,36636,2024-10-08,Electronics,Wearables
Argentina,Buenos Aires,15490000,154599,2024-10-08,Industrial,Tools
Germany,Berlin,3669495,51766,2024-10-10,Industrial,Raw Materials
Mexico,Guadalajara,5243392,80696,2024-10-11,Industrial,Construction
Mexico,Guadalajara,5243392,140741,2024-10-12,Automotive,Cars
Saudi Arabia,Riyadh,7676654,111285,2024-10-17,Automotive,Auto Parts
South Africa,Cape Town,4618000,15293,2024-10-17,Consumer Goods,Food & Beverage
United States,New York City,8804190,73094,2024-10-19,Automotive,Cars
Russia,Saint Petersburg,5351935,69408,2024-10-19,Automotive,Cars
Brazil,São Paulo,22429800,133307,2024-10-19,Electronics,Laptops
Japan,Tokyo,37393129,136299,2024-10-20,Consumer Goods,Personal Care
Argentina,Buenos Aires,15490000,380408,2024-10-21,Industrial,Machinery
France,Paris,11142000,193190,2024-10-21,Automotive,Electric Vehicles
Canada,Toronto,6202000,26952,2024-10-23,Electronics,Laptops
Argentina,Buenos Aires,15490000,62336,2024-10-23,Fashion,Accessories
Russia,Saint Petersburg,5351935,80271,2024-10-25,Industrial,Machinery
Indonesia,Jakarta,10562088,175220,2024-10-25,Industrial,Tools
Turkey,Istanbul,15636243,66218,2024-10-25,Fashion,Footwear
Russia,Saint Petersburg,5351935,149349,2024-10-26,Automotive,Electric Vehicles
Germany,Hamburg,1841179,48673,2024-10-28,Automotive,Electric Vehicles
China,Shanghai,27796000,142483,2024-10-30,Consumer Goods,Home Appliances
Mexico,Mexico City,22085140,98899,2024-10-31,Fashion,Luxury Apparel
Mexico,Guadalajara,5243392,92441,2024-10-31,Automotive,Cars
South Africa,Cape Town,4618000,21737,2024-11-02,Electronics,Laptops
Saudi Arabia,Riyadh,7676654,158819,2024-11-02,Automotive,Cars
Russia,Moscow,12506468,268352,2024-11-03,Industrial,Raw Materials
South Africa,Cape Town,4618000,34238,2024-11-04,Industrial,Machinery
Turkey,Ankara,5663000,40013,2024-11-04,Electronics,Wearables
United Kingdom,Birmingham,2660000,8001,2024-11-06,Fashion,Casual Wear
Germany,Hamburg,1841179,8357,2024-11-08,Electronics,Smartphones
Turkey,Istanbul,15636243,416542,2024-11-09,Automotive,Electric Vehicles
United Kingdom,London,9002488,28659,2024-11-09,Consumer Goods,Food & Beverage
Japan,Tokyo,37393129,199192,2024-11-10,Electronics,Laptops
South Korea,Seoul,9776000,42876,2024-11-10,Consumer Goods,Home Decor
Italy,Rome,4342212,107655,2024-11-11,Automotive,Cars
Japan,Tokyo,37393129,881548,2024-11-11,Automotive,Cars
South Africa,Cape Town,4618000,10333,2024-11-14,Fashion,Luxury Apparel
Japan,Yokohama,3724844,10212,2024-11-17,Fashion,Casual Wear
Russia,Moscow,12506468,29424,2024-11-17,Fashion,Casual Wear
Canada,Montreal,4221000,62438,2024-11-17,Industrial,Machinery
Indonesia,Jakarta,10562088,287954,2024-11-20,Automotive,Auto Parts
United Kingdom,London,9002488,17109,2024-11-20,Consumer Goods,Home Appliances
France,Paris,11142000,208617,2024-11-20,Automotive,Motorcycles
Australia,Sydney,5367000,32256,2024-11-21,Automotive,Motorcycles
China,Shanghai,27796000,11223,2024-11-22,Consumer Goods,Home Appliances
Germany,Hamburg,1841179,14916,2024-11-24,Electronics,Laptops
Germany,Hamburg,1841179,5760,2024-11-24,Consumer Goods,Home Appliances
Germany,Hamburg,1841179,58309,2024-11-25,Automotive,Auto Parts
Australia,Melbourne,5078000,24258,2024-11-26,Consumer Goods,Home Decor
Canada,Montreal,4221000,134334,2024-11-27,Automotive,Cars
Brazil,São Paulo,22429800,131758,2024-11-28,Consumer Goods,Home Decor
United States,New York City,8804190,1000,2024-11-29,Electronics,Wearables
Russia,Moscow,12506468,37912,2024-11-30,Fashion,Luxury Apparel
European Union,Frankfurt,753056,17422,2024-12-01,Industrial,Machinery
South Korea,Seoul,9776000,80814,2024-12-01,Industrial,Machinery
Brazil,Rio de Janeiro,13634274,267164,2024-12-03,Automotive,Cars
South Africa,Johannesburg,5782747,21985,2024-12-03,Fashion,Luxury Apparel
India,Delhi,32941000,706679,2024-12-03,Automotive,Auto Parts
South Africa,Johannesburg,5782747,53383,2024-12-04,Electronics,Wearables
Canada,Montreal,4221000,34627,2024-12-05,Electronics,Wearables
Saudi Arabia,Jeddah,4697957,109899,2024-12-05,Industrial,Machinery
United States,Los Angeles,3898747,17845,2024-12-06,Electronics,Tablets
South Africa,Johannesburg,5782747,31921,2024-12-06,Electronics,Smartphones
Russia,Moscow,12506468,163025,2024-12-09,Industrial,Tools
Japan,Tokyo,37393129,145325,2024-12-09,Consumer Goods,Home Appliances
South Korea,Busan,3385000,36539,2024-12-10,Automotive,Cars
Saudi Arabia,Jeddah,4697957,21597,2024-12-13,Fashion,Footwear
Argentina,Buenos Aires,15490000,43220,2024-12-13,Automotive,Motorcycles
Italy,Milan,3140181,20051,2024-12-15,Consumer Goods,Food & Beverage
Japan,Yokohama,3724844,17403,2024-12-15,Electronics,Laptops
Japan,Tokyo,37393129,159358,2024-12-16,Consumer Goods,Home Appliances
China,Beijing,20896000,17828,2024-12-19,Consumer Goods,Personal Care
Canada,Toronto,6202000,10374,2024-12-19,Consumer Goods,Home Appliances
South Africa,Johannesburg,5782747,98940,2024-12-20,Automotive,Electric Vehicles
Japan,Yokohama,3724844,78232,2024-12-20,Industrial,Construction
France,Paris,11142000,40595,2024-12-21,Consumer Goods,Home Appliances
South Korea,Seoul,9776000,45461,2024-12-21,Consumer Goods,Home Appliances
Italy,Milan,3140181,10989,2024-12-22,Consumer Goods,Food & Beverage
Turkey,Istanbul,15636243,47866,2024-12-22,Consumer Goods,Home Appliances
United States,New York City,8804190,190524,2024-12-25,Automotive,Motorcycles
France,Marseille,1759000,35321,2024-12-25,Automotive,Cars
Germany,Berlin,3669495,42391,2024-12-26,Industrial,Raw Materials
South Korea,Busan,3385000,14537,2024-12-27,Electronics,Laptops
Australia,Sydney,5367000,136818,2024-12-28,Automotive,Motorcycles
South Korea,Seoul,9776000,148146,2024-12-29,Industrial,Tools
Mexico,Guadalajara,5243392,32716,2024-12-29,Electronics,Laptops
Italy,Milan,3140181,7776,2024-12-30,Consumer Goods,Home Decor
Germany,Berlin,3669495,58069,2025-01-02,Automotive,Motorcycles
India,Delhi,32941000,347490,2025-01-04,Automotive,Electric Vehicles
United Kingdom,London,9002488,137190,2025-01-06,Industrial,Raw Materials
Turkey,Istanbul,15636243,68330,2025-01-08,Electronics,Tablets
China,Beijing,20896000,66547,2025-01-11,Fashion,Footwear
Argentina,Córdoba,1659000,3162,2025-01-12,Fashion,Accessories
India,Delhi,32941000,126488,2025-01-12,Fashion,Footwear
Turkey,Istanbul,15636243,105422,2025-01-12,Electronics,Laptops
Australia,Melbourne,5078000,41747,2025-01-13,Electronics,Wearables
Italy,Rome,4342212,21478,2025-01-15,Consumer Goods,Food & Beverage
Mexico,Mexico City,22085140,68468,2025-01-16,Fashion,Casual Wear
European Union,Brussels,2065284,57718,2025-01-17,Automotive,Cars
Brazil,São Paulo,22429800,303734,2025-01-18,Industrial,Machinery
South Korea,Seoul,9776000,41693,2025-01-20,Consumer Goods,Home Decor
Japan,Yokohama,3724844,7101,2025-01-22,Electronics,Tablets
Saudi Arabia,Riyadh,7676654,14171,2025-01-22,Electronics,Tablets
South Korea,Busan,3385000,17632,2025-01-23,Consumer Goods,Home Appliances
Russia,Moscow,12506468,17971,2025-01-24,Fashion,Luxury Apparel
Russia,Moscow,12506468,350989,2025-01-24,Automotive,Cars
France,Marseille,1759000,19976,2025-01-25,Industrial,Construction
Russia,Saint Petersburg,5351935,27759,2025-01-25,Consumer Goods,Home Appliances
Argentina,Córdoba,1659000,39816,2025-01-25,Automotive,Auto Parts
Russia,Moscow,12506468,60566,2025-01-29,Fashion,Casual Wear
Mexico,Guadalajara,5243392,26968,2025-01-29,Consumer Goods,Home Decor
Argentina,Córdoba,1659000,11116,2025-01-29,Electronics,Wearables
Italy,Rome,4342212,38804,2025-01-29,Automotive,Electric Vehicles
Italy,Milan,3140181,11958,2025-01-30,Electronics,Laptops
South Korea,Seoul,9776000,19669,2025-01-30,Electronics,Smartphones
France,Marseille,1759000,5122,2025-01-31,Fashion,Luxury Apparel
Germany,Berlin,3669495,108694,2025-02-06,Automotive,Motorcycles
Canada,Toronto,6202000,14422,2025-02-11,Consumer Goods,Home Decor
United Kingdom,Birmingham,2660000,35155,2025-02-12,Industrial,Construction
European Union,Brussels,2065284,5082,2025-02-12,Fashion,Footwear
Mexico,Guadalajara,5243392,106170,2025-02-14,Automotive,Motorcycles
United Kingdom,London,9002488,31801,2025-02-17,Electronics,Laptops
Argentina,Córdoba,1659000,7442,2025-02-19,Consumer Goods,Home Appliances
United States,New York City,8804190,26712,2025-02-21,Fashion,Footwear
France,Marseille,1759000,7982,2025-02-27,Electronics,Wearables
France,Marseille,1759000,6419,2025-02-28,Automotive,Auto Parts
Australia,Sydney,5367000,161950,2025-03-04,Automotive,Auto Parts
Germany,Berlin,3669495,20348,2025-03-08,Electronics,Smartphones
France,Marseille,1759000,39416,2025-03-08,Automotive,Cars
Argentina,Córdoba,1659000,4708,2025-03-10,Fashion,Luxury Apparel
United States,New York City,8804190,45722,2025-03-16,Consumer Goods,Food & Beverage
Germany,Berlin,3669495,5161,2025-03-17,Consumer Goods,Home Decor
India,Mumbai,20411274,128262,2025-03-17,Electronics,Tablets
France,Paris,11142000,142378,2025-03-19,Industrial,Construction
South Korea,Busan,3385000,14127,2025-03-19,Fashion,Casual Wear
Australia,Sydney,5367000,23190,2025-03-24,Fashion,Casual Wear
China,Beijing,20896000,273937,2025-03-24,Automotive,Cars
China,Beijing,20896000,86208,2025-03-24,Fashion,Luxury Apparel
Australia,Sydney,5367000,9422,2025-03-26,Fashion,Casual Wear
Italy,Milan,3140181,4720,2025-03-26,Electronics,Tablets
Australia,Melbourne,5078000,14630,2025-03-26,Fashion,Luxury Apparel
Indonesia,Surabaya,2874699,44264,2025-03-29,Industrial,Construction
Canada,Montreal,4221000,10564,2025-03-30,Fashion,Accessories
Brazil,São Paulo,22429800,117392,2025-03-31,Electronics,Laptops
European Union,Frankfurt,753056,12734,2025-04-01,Industrial,Tools
European Union,Brussels,2065284,60844,2025-04-02,Automotive,Cars
United States,New York City,8804190,71415,2025-04-02,Industrial,Construction
United Kingdom,Birmingham,2660000,42837,2025-04-03,Automotive,Auto Parts
European Union,Brussels,2065284,4384,2025-04-03,Fashion,Casual Wear
Italy,Rome,4342212,18454,2025-04-06,Consumer Goods,Food & Beverage
Italy,Rome,4342212,13397,2025-04-08,Fashion,Accessories
China,Shanghai,27796000,104741,2025-04-15,Consumer Goods,Personal Care
France,Marseille,1759000,2545,2025-04-15,Fashion,Luxury Apparel
Germany,Berlin,3669495,6582,2025-04-16,Fashion,Accessories
Russia,Moscow,12506468,38343,2025-04-17,Consumer Goods,Home Appliances
Australia,Sydney,5367000,26843,2025-04-20,Electronics,Tablets
France,Marseille,1759000,6493,2025-04-22,Fashion,Accessories
Italy,Rome,4342212,9589,2025-04-23,Electronics,Wearables
Brazil,São Paulo,22429800,305583,2025-04-26,Automotive,Electric Vehicles
South Korea,Seoul,9776000,166026,2025-04-28,Automotive,Electric Vehicles
Brazil,São Paulo,22429800,63772,2025-04-29,Consumer Goods,Food & Beverage
Italy,Rome,4342212,27838,2025-04-30,Industrial,Machinery
China,Shanghai,27796000,935061,2025-05-01,Automotive,Motorcycles
Canada,Montreal,4221000,77284,2025-05-03,Automotive,Motorcycles
Brazil,São Paulo,22429800,352377,2025-05-05,Industrial,Construction
Mexico,Mexico City,22085140,314866,2025-05-07,Industrial,Construction
South Korea,Busan,3385000,15323,2025-05-08,Consumer Goods,Personal Care
France,Marseille,1759000,8055,2025-05-09,Electronics,Tablets
South Africa,Cape Town,4618000,23013,2025-05-17,Consumer Goods,Home Decor
Italy,Rome,4342212,31595,2025-05-18,Electronics,Wearables
India,Delhi,32941000,162533,2025-05-18,Consumer Goods,Food & Beverage
Russia,Saint Petersburg,5351935,19622,2025-05-18,Consumer Goods,Home Decor
Saudi Arabia,Jeddah,4697957,23649,2025-05-19,Industrial,Raw Materials
Saudi Arabia,Jeddah,4697957,82436,2025-05-20,Automotive,Cars
Argentina,Buenos Aires,15490000,45865,2025-05-20,Fashion,Accessories
Australia,Sydney,5367000,119319,2025-05-21,Automotive,Auto Parts
South Africa,Cape Town,4618000,17522,2025-05-24,Fashion,Accessories
China,Beijing,20896000,430123,2025-05-24,Automotive,Electric Vehicles
Turkey,Ankara,5663000,112448,2025-05-25,Automotive,Motorcycles
Brazil,São Paulo,22429800,32569,2025-05-28,Electronics,Laptops
Germany,Berlin,3669495,65717,2025-05-28,Industrial,Machinery
Japan,Yokohama,3724844,44814,2025-06-05,Industrial,Tools
France,Paris,11142000,46400,2025-06-07,Electronics,Tablets
Argentina,Buenos Aires,15490000,72665,2025-06-08,Electronics,Laptops
China,Shanghai,27796000,116546,2025-06-09,Electronics,Laptops
Saudi Arabia,Jeddah,4697957,18166,2025-06-11,Electronics,Wearables
Turkey,Ankara,5663000,28252,2025-06-12,Consumer Goods,Food & Beverage
Mexico,Guadalajara,5243392,32920,2025-06-14,Consumer Goods,Home Decor
France,Paris,11142000,47205,2025-06-14,Consumer Goods,Personal Care
Italy,Rome,4342212,10923,2025-06-14,Consumer Goods,Personal Care
European Union,Brussels,2065284,24457,2025-06-16,Industrial,Tools
Germany,Berlin,3669495,27900,2025-06-16,Automotive,Auto Parts
Mexico,Guadalajara,5243392,88321,2025-06-17,Automotive,Electric Vehicles
South Korea,Seoul,9776000,134470,2025-06-19,Industrial,Machinery
Indonesia,Surabaya,2874699,16541,2025-06-19,Electronics,Laptops
Australia,Sydney,5367000,25614,2025-06-20,Consumer Goods,Home Appliances
Italy,Rome,4342212,22479,2025-06-20,Consumer Goods,Food & Beverage
Mexico,Guadalajara,5243392,19459,2025-06-21,Consumer Goods,Food & Beverage
South Africa,Cape Town,4618000,10837,2025-06-21,Consumer Goods,Home Appliances
Canada,Montreal,4221000,32610,2025-06-23,Automotive,Auto Parts
Saudi Arabia,Riyadh,7676654,15737,2025-06-24,Fashion,Footwear
Turkey,Ankara,5663000,13279,2025-06-24,Fashion,Accessories
Italy,Rome,4342212,75615,2025-06-25,Automotive,Electric Vehicles
Australia,Sydney,5367000,20629,2025-06-25,Consumer Goods,Home Decor
India,Mumbai,20411274,386066,2025-06-26,Industrial,Machinery
South Africa,Cape Town,4618000,115925,2025-06-27,Automotive,Auto Parts
Saudi Arabia,Jeddah,4697957,12709,2025-07-01,Fashion,Footwear
Brazil,Rio de Janeiro,13634274,71058,2025-07-02,Electronics,Tablets
Saudi Arabia,Jeddah,4697957,67057,2025-07-05,Automotive,Electric Vehicles
Brazil,São Paulo,22429800,85644,2025-07-05,Consumer Goods,Home Appliances
Indonesia,Jakarta,10562088,216788,2025-07-06,Industrial,Raw Materials
Turkey,Ankara,5663000,40642,2025-07-06,Automotive,Auto Parts
Turkey,Istanbul,15636243,372150,2025-07-07,Automotive,Auto Parts
South Korea,Seoul,9776000,50090,2025-07-07,Electronics,Laptops
Indonesia,Jakarta,10562088,165605,2025-07-07,Automotive,Electric Vehicles
India,Mumbai,20411274,316628,2025-07-10,Industrial,Tools
India,Mumbai,20411274,90292,2025-07-12,Electronics,Wearables
Brazil,São Paulo,22429800,170350,2025-07-12,Electronics,Wearables
Russia,Moscow,12506468,246313,2025-07-13,Automotive,Cars
Saudi Arabia,Riyadh,7676654,36266,2025-07-15,Consumer Goods,Food & Beverage
United Kingdom,Birmingham,2660000,44212,2025-07-15,Industrial,Machinery
Saudi Arabia,Jeddah,4697957,10808,2025-07-18,Fashion,Accessories
Russia,Saint Petersburg,5351935,134623,2025-07-20,Automotive,Cars
United States,Los Angeles,3898747,11936,2025-07-21,Electronics,Smartphones
Mexico,Mexico City,22085140,45489,2025-07-21,Consumer Goods,Home Decor
Turkey,Istanbul,15636243,103555,2025-07-22,Electronics,Tablets
Russia,Saint Petersburg,5351935,87462,2025-07-23,Industrial,Construction
Brazil,Rio de Janeiro,13634274,494652,2025-07-23,Automotive,Motorcycles
Italy,Rome,4342212,79120,2025-07-27,Industrial,Construction
Russia,Moscow,12506468,8599,2025-07-28,Consumer Goods,Personal Care
Brazil,São Paulo,22429800,81614,2025-07-28,Fashion,Casual Wear
Australia,Sydney,5367000,58491,2025-07-29,Industrial,Raw Materials
Canada,Montreal,4221000,24894,2025-08-01,Electronics,Smartphones
European Union,Brussels,2065284,31132,2025-08-02,Automotive,Electric Vehicles
China,Beijing,20896000,49735,2025-08-03,Consumer Goods,Home Appliances
France,Marseille,1759000,4628,2025-08-05,Fashion,Accessories
Turkey,Istanbul,15636243,241766,2025-08-06,Industrial,Raw Materials
Canada,Toronto,6202000,23779,2025-08-07,Fashion,Accessories
United Kingdom,Birmingham,2660000,12059,2025-08-11,Fashion,Footwear
South Korea,Seoul,9776000,260207,2025-08-11,Automotive,Motorcycles
India,Delhi,32941000,1024335,2025-08-13,Automotive,Auto Parts
Italy,Milan,3140181,82877,2025-08-13,Automotive,Auto Parts
Turkey,Ankara,5663000,32848,2025-08-16,Consumer Goods,Food & Beverage
United States,Los Angeles,3898747,13806,2025-08-19,Fashion,Footwear
South Africa,Cape Town,4618000,13646,2025-08-20,Fashion,Luxury Apparel
Japan,Yokohama,3724844,22846,2025-08-24,Electronics,Wearables
China,Shanghai,27796000,131412,2025-08-27,Fashion,Luxury Apparel
India,Delhi,32941000,951382,2025-08-27,Automotive,Auto Parts
Turkey,Istanbul,15636243,230547,2025-08-30,Industrial,Machinery
Germany,Hamburg,1841179,8657,2025-09-02,Electronics,Smartphones
Brazil,Rio de Janeiro,13634274,361425,2025-09-03,Automotive,Electric Vehicles
India,Mumbai,20411274,49631,2025-09-03,Electronics,Wearables
European Union,Frankfurt,753056,14471,2025-09-04,Industrial,Machinery
United Kingdom,London,9002488,104421,2025-09-05,Industrial,Raw Materials
Brazil,Rio de Janeiro,13634274,119856,2025-09-07,Industrial,Construction
South Korea,Seoul,9776000,102125,2025-09-13,Automotive,Auto Parts
Australia,Sydney,5367000,141442,2025-09-18,Automotive,Auto Parts
Japan,Yokohama,3724844,110946,2025-09-19,Automotive,Motorcycles
Italy,Rome,4342212,69291,2025-09-21,Industrial,Tools
European Union,Brussels,2065284,3878,2025-09-22,Consumer Goods,Home Decor
Mexico,Mexico City,22085140,49211,2025-09-26,Fashion,Accessories
China,Shanghai,27796000,114295,2025-09-30,Electronics,Wearables
Brazil,Rio de Janeiro,13634274,82220,2025-10-03,Industrial,Machinery
South Africa,Cape Town,4618000,12345,2025-10-04,Consumer Goods,Personal Care
European Union,Frankfurt,753056,3692,2025-10-05,Electronics,Tablets
Turkey,Istanbul,15636243,172113,2025-10-05,Industrial,Tools
Brazil,Rio de Janeiro,13634274,95800,2025-10-09,Automotive,Cars
United Kingdom,Birmingham,2660000,52766,2025-10-09,Automotive,Electric Vehicles
United Kingdom,Birmingham,2660000,25746,2025-10-15,Industrial,Tools
Brazil,São Paulo,22429800,115081,2025-10-17,Electronics,Wearables
India,Mumbai,20411274,65428,2025-10-17,Electronics,Smartphones
South Africa,Cape Town,4618000,100971,2025-10-18,Automotive,Auto Parts
Mexico,Guadalajara,5243392,24547,2025-10-19,Fashion,Accessories
Mexico,Mexico City,22085140,21202,2025-10-19,Consumer Goods,Home Decor
United Kingdom,Birmingham,2660000,9308,2025-10-20,Fashion,Luxury Apparel
India,Mumbai,20411274,86849,2025-10-23,Consumer Goods,Personal Care
France,Paris,11142000,38316,2025-10-23,Electronics,Wearables
United States,Los Angeles,3898747,73735,2025-10-23,Industrial,Tools
Australia,Sydney,5367000,66969,2025-10-24,Industrial,Tools
United Kingdom,London,9002488,143311,2025-10-27,Industrial,Tools
Australia,Melbourne,5078000,14781,2025-10-28,Fashion,Accessories
Germany,Berlin,3669495,11011,2025-10-28,Fashion,Accessories
Indonesia,Jakarta,10562088,42237,2025-10-28,Fashion,Footwear
Brazil,São Paulo,22429800,459296,2025-10-28,Automotive,Electric Vehicles
Japan,Yokohama,3724844,16578,2025-10-30,Electronics,Smartphones
Canada,Toronto,6202000,17060,2025-10-30,Fashion,Luxury Apparel
United States,New York City,8804190,82003,2025-11-03,Industrial,Machinery
European Union,Brussels,2065284,23394,2025-11-06,Industrial,Raw Materials
Turkey,Ankara,5663000,156723,2025-11-06,Automotive,Cars
Italy,Milan,3140181,49020,2025-11-06,Industrial,Raw Materials
Russia,Saint Petersburg,5351935,83206,2025-11-07,Industrial,Machinery
Turkey,Ankara,5663000,8563,2025-11-08,Fashion,Accessories
Indonesia,Surabaya,2874699,44984,2025-11-12,Industrial,Tools
United Kingdom,Birmingham,2660000,10642,2025-11-14,Fashion,Accessories
South Africa,Cape Town,4618000,119843,2025-11-17,Automotive,Motorcycles
United States,New York City,8804190,33459,2025-11-20,Electronics,Laptops
Japan,Tokyo,37393129,108371,2025-11-20,Consumer Goods,Home Decor
Australia,Melbourne,5078000,20358,2025-11-21,Consumer Goods,Personal Care
South Korea,Seoul,9776000,16932,2025-11-22,Consumer Goods,Home Decor
Indonesia,Surabaya,2874699,13004,2025-11-23,Consumer Goods,Personal Care
United Kingdom,London,9002488,29689,2025-11-27,Fashion,Casual Wear
Japan,Tokyo,37393129,146409,2025-11-27,Fashion,Footwear
Argentina,Buenos Aires,15490000,104003,2025-11-29,Electronics,Smartphones
Germany,Hamburg,1841179,6263,2025-12-01,Consumer Goods,Home Appliances
South Korea,Busan,3385000,5638,2025-12-02,Electronics,Smartphones
Mexico,Mexico City,22085140,325228,2025-12-05,Industrial,Raw Materials
Canada,Toronto,6202000,11238,2025-12-06,Electronics,Wearables
China,Shanghai,27796000,314467,2025-12-06,Automotive,Motorcycles
Germany,Hamburg,1841179,7620,2025-12-06,Fashion,Luxury Apparel
Canada,Montreal,4221000,32387,2025-12-07,Electronics,Smartphones
Italy,Milan,3140181,67884,2025-12-08,Automotive,Motorcycles
Saudi Arabia,Riyadh,7676654,40351,2025-12-09,Consumer Goods,Personal Care
European Union,Brussels,2065284,5134,2025-12-10,Fashion,Casual Wear
Australia,Melbourne,5078000,16770,2025-12-13,Consumer Goods,Personal Care
